Jobtitle,COUNT
"Business Analyst",132
"Business Systems Development Analyst",54
"Service Manager",52
"Senior Recruiter",28
"HR Manager",31
"Relationshiop Manager",37
"Developer III",19
"Desktop Support Technician",60
"Service Tech III",51
"Internal Auditor",12
"Administrative Officer",12
Recruiter,38
"Training Manager",28
"Programmer III",13
"Cost Accountant",51
"Software Test Engineer III",17
"Staff Accountant IV",18
"Software Engineer III",15
"Research Assistant I",99
"Data Visualization Specialist",88
"Senior Developer",65
"Staff Accountant I",63
"Research Assistant II",110
"Developer IV",12
"Human Resources Analyst",69
"Computer Systems Analyst I",16
"Service Tech II",50
"Accounting Assistant I",12
"Accounting Assistant III",8
"Programmer Analyst I",12
"Human Resources Analyst II",114
"Design Engineer",9
"Solutions Engineer Manager",42
"Senior Attorney",5
"Trainer II",26
"Assistant Trainer",34
"Accounting Assistant IV",22
"Budget/Accounting Analyst IV",39
"Research Associate",37
"Software Engineer I",70
"Analog Circuit Design manager",9
"Analyst Programmer",58
"Software Engineer IV",18
"Project Manager",60
"Web Developer III",16
"Help Desk Technician",56
"Service Coordinator",54
"Tax Accountant",64
"Structural Engineer",44
"Programmer Analyst III",12
"Support Staff II",13
"Staff Accountant III",13
"Senior Financial Analyst",10
"Engineer II",2
"Web Developer I",16
"Account Manager",17
"Administrative Assistant I",38
"Content Developer III",9
"Account Executive",93
"Accountant IV",16
"Media Manager I",16
"Solutions Engineer",34
"Automation Specialist I",5
"Senior Trainer",29
"Quality Control Specialist",27
"Trainer I",19
"Accountant III",12
"Senior Quality Engineer",34
"Service Tech",61
Operator,40
"Systems Administrator I",57
"Database Administrator II",18
"Data Coordiator",64
"Financial Analyst",17
"Accountant I",13
"Software Engineer II",10
"Computer Systems Analyst II",16
"Programmer IV",11
"Senior Cost Accountant",53
"Help Desk Operator",18
"Content Developer II",8
"Budget/Accounting Analyst III",26
Actuary,6
"Content Developer",11
"Senior Editor",18
"Database Administrator IV",7
"Customer Success Manager",49
"Junior Trainer",40
"Support Staff",19
"Statistician III",2
"Community Outreach Specialist",6
"Computer Systems Analyst IV",16
"Office Assistant II",1
"Software Test Engineer II",16
Editor,19
"Payment Adjustment Coordinator",7
"VP Quality Control",9
"Chief Design Engineer",14
"Research Assistant III",3
Paralegal,15
"Budget/Accounting Analyst I",32
"Automation Specialist IV",3
"Software Consultant",65
"Legal Assistant",3
"Research Assistant",9
"Trainer III",34
"Developer I",8
"Computer Systems Analyst III",13
"Administrative Assistant II",6
"Systems Administrator IV",21
"Budget/Accounting Analyst II",26
"Systems Administrator II",12
"Programmer I",14
"Staff Scientist",5
"Sales Associate",2
"Database Administrator III",14
"Accounting Assistant II",9
"Quality Engineer",9
"Web Developer IV",8
"General Manager",11
"Software Test Engineer I",15
"Programmer Analyst II",12
"Engineer I",2
"Human Resources Assistant I",4
"Staff Accountant II",12
"Human Resources Manager",5
"Mechanical Systems Engineer",7
"Product Engineer",10
"Executive Assistant",7
"Structural Analysis Engineer",9
"Statistician IV",2
"Administrative Assistant",11
"Pre-Sales Consultant",40
"Programmer II",8
"Automation Specialist III",2
"Software Test Engineer IV",10
"Accountant II",17
"Compensation Analyst",5
"Developer II",11
Librarian,7
"Recruiting Manager",3
"Database Administrator I",17
"VP Product Management",8
"Electrical Engineer",7
"Executive Secretary",2
"Administrative Assistant III",2
"Web Designer IV",1
"Sales Representative",2
"Systems Administrator III",9
"Automation Specialist II",2
"Media Manager II",6
"Web Designer III",3
"Assistant Manager",4
"Web Developer II",8
"VP Marketing",4
"Information Systems Manager",3
Attorney,5
"VP Accounting",11
"Graphic Designer",3
"Web Designer I",7
"Statistician I",2
"Programmer Analyst IV",8
"Human Resources Assistant IV",2
"Senior Sales Associate",2
"Office Assistant I",1
"Support Staff III",3
"Human Resources Assistant III",1
"Director of Sales",1
"Statistician II",1
"Web Designer II",1
"Administrative Assistant IV",1
"Financial Advisor",1
